id,fav_cnt,rt_cnt,text
720198279661764608,0,0,Warm-up party je letos v rukou @PavelUngr ;) Přidáte se?
720198025805754368,0,1,"RT @mmencl: Rano tam, odpoledne zpet. Praha - @PlzenskyBarcamp. Kdo se prida? :) #kia #cestounecestou"
720130146292920320,2,0,"Katedrála, Škodovka, Pivovar... aneb názvy přednáškových a workshopových místností v areálu barcampu. #barcampcz"
720118764407234560,1,1,"Kudy k nám? Svozovým autobusem - . Autem --&gt; , navigace --&gt;  #barcampcz"
719824392054796288,0,0,"@janpoboril @JiriKolda Ten, kdo dělal rozpis, je nejspíš řidičem a dodal bez mapy. Zkusíme připravit nějaké podklady, když to čas dovolí ;)"
719823678574366720,1,0,"@Virus_3000 Natáčíme 3 přednáškové místnosti (Katedrála, Pivovar, Škodovka) ;)"
719630232509136896,5,2,Program třetího ročníku je venku! --&gt;  Následovat budou workshopy a novinka v podobě mobilní aplikace. #barcampcz
719544098022154240,0,0,"Díky @benesmichl za podporu na svozovou dopravu! Hledáte partnera na webdesign, microsites nebo online marketing? -&gt;"
719517116886556672,1,1,@eshopkonzultant Díky Honzo! Těšíme se v sobotu na viděnou ;)
719516888645169152,5,1,V sobotu můžete nechat auto doma! Máme pro vás přichystaný svoz. Kdy a kde? #barcampcz
719471183754883074,6,0,"Usilovně pracujeme na programu, abychom ho mohli nejdéle dnes večer zveřejnit. Sledujte nás. Díky za trpělivost ;) #barcampcz"
719146530930868224,2,1,Jaká je opravdová chuť čokolády? Stavte se v sobotu u jednoho z našich partnerů nebo zkuste tip na dárek:  #barcampcz
719038427631656961,1,2,Jak nebojovat o zákazníka s konkurencí? Čtěte a přijďte na workshop @LPelikan_tw  #barcampcz
718715378025762816,5,3,"Těšíme se na vás už za týden! Mrkejte, co vás čeká --&gt;  Na co se nejvíc těšíte vy? #barcampcz"
718424718483787776,0,0,Jak přežít dobu sedavou? Čtěte na  a doražte na přednášku a workshop @FitCoachKB #barcampcz
718081125772615680,1,0,Děkujeme @ShoperoCZ za finanční podporu na technické vybavení! Chcete založit přehledný a výkonný e-shop? Mrkněte na
717786596192481281,2,1,"Hledáme pomocníky! Ranní přípravy, péče o místnost nebo drobnosti během dne. Nabídnete pomocnou ruku? #barcampcz"
717587630439931904,3,1,Zkraťte si čekání na Plzěnský #BarcampCZ a poslechněte si rozhovor s naší hlavní organizátorkou @endis_ka :)
717229191414960132,2,1,Webová aplikace @coopix_cz propojuje lidi a projekty. Čtěte více na  #barcampcz #rozhovor
716155614041399296,1,3,"Je rozhodnuto. Podívejte se, jaké přednášky uslyšíme:  Na které nebudete chybět? #barcampcz"
715645051054006272,1,1,Poslední hodina hlasování! Výsledky jsou těsné a rozhodovat budou poslední minuty. Hlasujte --&gt;  #barcampcz
715559685361893377,0,1,RT @Zpravyzmesta: Přípravy na @PlzenskyBarcamp v plném proudu. Chystáte se také?  #plzen #barcamp #plzen2016
715557110323552256,1,0,"Hlasujte a rozhodujte o programu --&gt; ! Dnes máte poslední šanci, jen do půlnoci. #barcampcz #hlasovani #prednasky"
715556736019599360,0,1,RT @psavec: Zajímáte se o monitoring zmínek? Změnil jsem téma přednášky na @PlzenskyBarcamp : . Budu rád za vaše hla…
715465158764675073,0,1,"O kyberpodvodnících, kteří vám mohou zničit život a proč přijít na přednášku Daniela. Více čtěte na ! #barcampcz"
714742033894739968,2,1,"Hlasujeme pro přednášky už jen do čtvrtka! Prosadí se i @lenikrsova s ""Díky, úsměv a buď zticha"" --&gt;  #barcampcz"
713353364701061120,0,3,"RT @psavec: Dubnové akce, na kterých byste neměli chybět: . S @mariorozensky @PlzenskyBarcamp @eshopsummitcz @mediocz"
713352828492898304,0,2,"RT @jakubhoricky: Na @PlzenskyBarcamp #BarcampCZ pro vás mám přednášku o myšlenkovém mapování, chcete si ji poslechnout? Tak hlasujte: http…"
713352759920226304,0,1,#barcampcz je o vzájemné inspiraci. Jednu takovou přinášíme. Mrkněte na tipy jak na seznamování na  Už za 3 týdny ;)
712893958171574272,0,1,Čtěte  a hlasujte pro přednášky na  Jak bude program vypadat je jen na vás! #barcampcz
712876572290772994,0,1,"RT @jakubhoricky: Na @PlzenskyBarcamp #BarcampCZ pro vás mám přednášku o myšlenkovém mapování, chcete si ji poslechnout? Tak hlasujte: http…"
712548809646153729,0,1,RT @eshopkonzultant: Asi jeden z mých posledních #barcampcz jako přednášející bude @PlzenskyBarcamp - má přednáška  …
712548796388024320,0,1,"RT @jakubhoricky: Na @PlzenskyBarcamp #BarcampCZ pro vás mám přednášku o myšlenkovém mapování, chcete si ji poslechnout? Tak hlasujte: http…"
712197529161637888,1,1,"Zbývá více než 100 míst k registraci! Neváhejte, doražte! A mezitím čtěte, co o nás napsali v minulosti -  #barcampcz"
712196967598825472,0,4,"RT @atsor: Pomalu mirim do #Plzen na nataceni se skvelou @endis_ka o @PlzenskyBarcamp. Bude to super video o tom, co jste o #barcampcz neve…"
712196870907494400,0,3,RT @atsor: Dalsi rozhovor natocen. Byl o @PlzenskyBarcamp s @endis_ka a se skvelou pomoci @JiriKolda. Diky! #barcampcz …
712196815060398080,0,2,RT @lenikrsova: Budu na @PlzenskyBarcamp! Pokud mě budete chtít. Hlasování o přednášky probíhá:  #BarcampCZ https://…
710462725063905281,0,1,RT @tvenerova: Nepřehlédli jste náhodou na @PlzenskyBarcamp tuhle přednášku od @JiriKolda? Proč má tak málo hlasů??? …
710385069656051712,0,0,Jak si připravit sexy přednášku a co nejvíce ohrožuje její úspěch? #barcampcz #inspirace #blog
709349492957515777,2,1,Spustili jsme blog! Budeme vám pravidelně přinášet zajímavé články. Pro nováčky i zkušené barcampisty. #barcampcz
708726339218624512,4,0,"Promo Team pilně pracuje! Děkujeme @ShoperoCZ za pomoc, prostory a Zdeňkovi Zengerovi za věnovaný čas! #barcampcz"
707140270576500736,0,0,"@RVoltr Uvidíme, jak si hlasování a přednášky povedou do 21. března ;) Nicméně těšíme se, že se s tebou letos potkáme ;)"
706538632304312324,1,6,Druhá vlna registrace + hlasování pro přednášky! Jen vaše hlasy rozhodnou! #barcampcz
704571882398470144,2,0,Zbývá posledních pár míst první vlny registrace! Přihlašte se na  #barcampcz #registrace
704389373769478144,1,0,Paráda @katareena! Brzy na viděnou! ;)
704389209088512000,1,0,@mirkavolakova @katareena Super! Máme radost! ;)
704386448452149249,2,1,@katareena @mirkavolakova Je to tady! Rezervujte si místo na Plzeňském Barcampu ;)  Těšíme se na vás!
704386169019211777,4,12,"První vlna registrace je tady Kapacita je omezená, rezervuj si místo! #registrace #barcampcz"
704023309575389184,2,0,"@mirkavolakova @katareena Zdravíme Mirko, Katko, obtíže pokračují, ale myslíme na vás a jakmile spustíme registrace, dáme vám na TW vědět ;)"
703642190069800960,2,0,"@mirkavolakova @katareena Zdravíme, omlouváme se, ale máme drobné komplikace. Ozveme se vám s konkrétnějšími zprávami během zítřka."
703514358542962688,0,0,"@Dupl3xx @eshopkonzultant @barcampjc prosím, nech to, jak to je. Díky za pochopení."
703513332414816257,0,0,"@Dupl3xx @eshopkonzultant @barcampjc Přístup na WiFi není pro návštěvníky k dispozici. Důvodem je, zě bychom jí přetížili..."
703509384995934208,0,2,RT @Daniel_Dubravec: Kdo si na #BCJC nešáhnul do oleje?
703480304636399616,1,0,"@katareena Zdravíme Katko, doporučíme nás dnes sledovat ;)"
695011697950588928,2,0,"@katareena Ještě ne, plánujeme ji cca na konci února. Přesné datum nebylo stanoveno, ale budeme vás informovat na sítích. Díky za přízeň ;)"
693897044256264194,6,2,"Barcamp je pro ""ajťáky""... Vykašli se na předsudky! Témata nemají hranice. Co byste si poslechli vy? #barcampcz"
690468063549001729,1,0,"Hledáme mladé, tvořivé a energické jedince! Čti na  #barcampcz #grafika #copywriter #creative"
690298803627409408,4,5,"Sobota 16. dubna 2016. Kdo bude chybět, prohloupí! Plzeňský Barcamp se blíží! #barcampcz Sledujte nás!"
678640684044300288,4,1,Třetí oficiální setkání @PlzenskyBarcamp ! Chystáme pro vás samé dobré věci! #barcampcz #bagetybudou
673536350650519552,0,2,RT @endis_ka: Jak trávíte advent vy? @PlzenskyBarcamp bude potřetí a ve velkém stylu.#Díky @JiriKolda a @JakubBoucek! Jste skvělí! https://…
669441793633710081,17,13,Termín 3.ročníku Plzeňského Barcampu je tady! Rezervujte si v kalendáři 16. dubna! S kým se potkáme? #barcampcz
634565721343795200,0,2,"RT @JakubBoucek: Působivé, @CDN77com nasadil HTTP/2. #hracka :) Porovnejte s AWS:  vs  http:…"
609627380408274944,0,2,"RT @honza_svec: @JiriKolda @endis_ka Když Plzeňákům nestačí jejich Barcamp, vyrazí na #bcjc ☺"
596301383755792384,6,3,Prodloužený víkend teď přijde vhod: máme pro vás všechna videa z přednášek Plzeňského Barcampu #BarcampCZ
589786591389941760,2,0,"Kdy koho na akci oslovit a jak, o čem se bavit a o čem ne, vám poradí @JanaBforBPlzen  #barcampcz"
588775580948135938,0,1,Jak fungují dnešní moderní domácí sítě a jak může opravdu chytrá síť reálně vypadat? Více @mrtnzlml na  #barcampcz
588083620985835521,0,0,Mobilní zařízení a nositelná elektronika - nevyhnutelné v moderní době? Sledujte záznam přednášky na  #barcampcz
587893979787714560,3,2,První video z přednášek je tady! @eshopkonzultant a jeho přednáška o opakujích se chybách českých e-shopů #barcampcz
584762168454819840,0,1,RT @ShoperoCZ: I kluci od počítačů občas vyrazí do společnosti. Jak jste si užili @PlzenskyBarcamp ?
584762128583757825,0,3,RT @SportCentralCZ: Minulý týden jsme byli na @PlzenskyBarcamp :-) A líbilo se nám to:  #barcampcz #fotky http://t.co…
583361985070424064,1,1,Chcete fotky z fotoboxu? Tady jsou!  Děkujeme @popfoto a @benesmichl za realizaci! Bylo to famózní :) #barcampcz
582961461070340099,1,2,Další várka fotek z @PlzenskyBarcamp -  Ještě jednou velké díky všem návštěvníkům i pomocníkům! #barcampcz
582953659954294784,2,0,Děkujeme Domu Digitálních Dovedností za ukázku s drony a záznam na videu! -&gt;  Bylo to skvělé! #dekujeme #barcampcz
582952973099245568,1,0,"Děkujeme všem, že jste přišli! Atmosféra druhého ročníku byla úžasná! Díky vám všem! #dekujeme #zarokzase #barcampcz"
582952591274958849,0,1,RT @endis_ka: aaaa =) všichni zamáváme =) Drony na @PlzenskyBarcamp #díky #DumDigitalnichDovednostiJede Těšte se na videa =) …
582952567115812865,1,0,"@L3sTR Ahoj Lukáši, první album je na našem Facebooku:"
582952020635738113,0,6,RT @endis_ka: Milujeme @PlzenskyBarcamp A co Vy? #barcampcz #zarokzase #tesimesenadalsifotky DĚKUJEME Lynda Phan
582951961244356608,0,1,"RT @danielgamrot: Dalších 18 tipů, která přišly po #baghack přednášce na @PlzenskyBarcamp od účastníků, najdete na  #…"
582951898786971648,0,1,RT @benesmichl: Na @PlzenskyBarcamp jsme rozdali 300 růžových placek. Máte ji? Vyfoťte se a nahoďte hashtag #benesmichl :) …
582951742813429760,0,0,"@dakarabas @kamilgregor @eshopkonzultant @bechyne Dane, děkujeme moc za pochvalu. Doufáme, že se za rok zase uvidíme ;)"
582951629235847168,0,3,RT @dakarabas: moje malé ublognutí o Barcampu  #barcampcz @PlzenskyBarcamp @kamilgregor @eshopkonzultant @bechyne
582396383195475969,0,4,RT @VencaV: Mé slajdy z včerejčího @PlzenskyBarcamp kdo by se chtěl podívat .-) #BarcampCZ #plzenskybarcamp
582146808555696128,0,1,RT @crawlerdev: @PlzenskyBarcamp Diky za #barcamp #plzeň a znova za rok
581893102941634560,0,2,RT @endis_ka: Afterparty??? @PlzenskyBarcamp
581893098323709952,3,0,Afterparty začíná!!! Máme pro vás spoustu dobrot ;) #afterparty #barcampcz
581841625304944640,0,0,@barbtite slouží k odlišení dle profesí.
581841537874657280,0,0,@barbtite Cedulky byly k dostání u registrace :)
581833916610404353,4,0,"Organizátor Jirka a jeho přednáška ""Ptejte se! a nejen proč?""! Všichni do Pivovaru! :) #barcampcz #koldaPrednasi"
581829198395940864,0,5,"RT @EduardStula: Najděte kluky z @benesmichl! Kdo bude mít připnutou placku od nich, může získat stylová trička. #barcampcz #pinkrules http…"
581824843043213312,27,2,Musíme si pomáhat! :D @DavidGrudl dorazil!! #barcampcz #teduzjevsechnovporadku :)
581800811858124800,5,0,Drony letiiii! #BarcampCZ
581799250977288192,0,1,RT @PetrDousa: Pošlete vaše #barcampcz fotky na fotky@plzenskybarcamp.cz a objevi se tady:
581798512934973440,0,1,"RT @EduardStula: Každý chce placku @benesmichl na @PlzenskyBarcamp , johooo :) jdeme si zasoutěžit o růžová trička?! #BarcampCZ"
581797517362352128,3,1,Drony jsou tady! Připravte se na terase bude show! ;) #barcampCZ #drones
581788845978583040,0,1,"RT @jan_valdman: Plzensky Barcamp je zatim mnohem lepsi, nez jsem ocekaval, a to jsem pomyslnou latku nastavil hodne vysoko :-) @PlzenskyBa…"
581770512273170432,0,4,RT @EduardStula: Vtipné placky na @PlzenskyBarcamp od @benesmichl :) hledej tým v růžovém! #barcampcz
581764961921269760,0,4,"RT @PetrLandsman: Fotobox pripraven, zabava zarucena! #barcampcz @PlzenskyBarcamp"
581764858359713793,4,1,Už jste vyzkoušeli fotobox? #barcampcz #panari #organizatori #majiradost
581752483174866944,0,0,"@PavelUngr_Eng @fremycz nebo si možná už natolik VIP, že na papíře ani nemusíš být ;)"
581751530052816896,0,3,RT @Inza: Gadgety na stánečcích @JuicymoCZ a @bastlirna se na vás těší;) doražte na #ArduinoD15 na @PlzenskyBarcamp #barcampcz http://t.co/…
581749374323171328,0,4,RT @danielgamrot: Tipy z @PlzenskyBarcamp (nejen) na aplikace pro provoz kanceláře v brašně najdete na  #barcampcz
581749288784519168,0,2,RT @JuicymoCZ: Náš stáneček na Arduino Day na @PlzenskyBarcamp už uvítal své první návštěvníky přijďte se taky podívat ;) #barcampcz http:/…
581749144882122753,0,1,"RT @danielgamrot: Co je ve vaší kanceláři v brašně? Pište s hashtagy #baghack #barcampcz, já pak sepíšu a zveřejním ty nejzajímavější tipy.…"
581749110245580800,2,0,@danielgamrot přednáší na @PlzenskyBarcamp na téma Kancrlář v brašně. Líbí? #barcampcz #tips #tricks #
581571703018430464,0,0,"@frenk001 Ahoj Honzo, náhradník může dorazit přímo a zapsat se na místě ;)"
581570572183683072,0,0,"@danielgamrot Ahoj Dane, oficiální warm-up se nekoná, o neoficiálním bohužel nemáme info, pokud se uskutečnil :( Doženeme to zítra ;)"
581382015896985602,6,3,Všechny hlavní přednáškové místnosti budou nahrávány. Záznamy budou zveřejněny na našem YouTube  ;) #barcampcz
581381398684123136,0,0,"@eshopkonzultant @danielgamrot Honzo, já myslím, že na přednášce určitě nebudeš sám ;)"
581381149601173504,0,0,"@blahout Vašku, parkovacích míst je dost. Přímo u areálu je jich omezené množství, ale lze parkovat i v nejbližším okolí areálu."
581377380402511872,0,0,"@fremycz Kubo, pěšky od tramvaje č.4 je alternativou ;) Dobrá zpráva je, že na cestu zpět máme dva svozové autobusy a místa bude dost ;)"
581374611868241920,2,1,Kudy kam na @PlzenskyBarcamp? Abyste se nám po cestě neztratili ;)  #barcampcz #užzítra
581035834461274112,1,0,"Je něco, co vás zajímá? Ptejte se! Chystáme informační newsletter, ale akce se blíží a chceme vám dát odpovědi co nejdříve! ;) #barcampcz"
581034163203080192,2,0,"Začínáme v 8:30 registracemi. Na registraci si můžete koupit oběd, výběr z 5 pokrmů a na své si přijdou i vegani ;) #barcampcz #užjen3dny"
580839849575464961,0,0,"@blahout Vašku, organizátoři @JiriKolda, @endis_ka, @JakubBoucek i @PetrLandsman nebudou chybět :) Těšíme se! Co tě láká nejvíc?"
580659405907193856,0,0,"@katareena @Brumbalova To nás moc mrzí, snad to příště vyjde o něco lépe ;)"
580654188293722113,0,0,"@Brumbalova @katareena Ale tak pro jednou, přimhouřit očičko... maličko :)"
580647683817365504,1,0,"@Virus_3000 Přednášky budeme nahrávat, bude možné se podívat na záznam ;) I pro nás bude výběr mnohdy velmi těžký :)"
580647489218449408,1,0,"@eshopkonzultant Ahoj Honzo, program už je venku, můžeš mrknout zde:"
580647281273229313,1,0,"@orangesunny_cz Ahoj Vašku, ověřím u organizátorů, kteří prostor dojednali."
580647121982005248,1,0,"@mrtnzlml Původně byly v plánu jiné prostory, bohužel vyjednávání nedopadlo dobře. Našli jsme nové prostory a věříme, že vše dobře dopadne."
580647043506565120,0,0,"@bitemcz Původně byly v plánu jiné prostory, bohužel vyjednávání nedopadlo dobře. Našli jsme nové prostory a věříme, že vše dobře dopadne."
580646956898394112,1,0,"@FukToMas Ano, přednášky budou nahrávány a záznamy budou zveřejněny na YouTube do měsíce po akci nejdéle ;)"
580646831224434688,0,0,"@katareena Původně byly v plánu jiné prostory, bohužel vyjednávání nedopadlo dobře. Našli jsme nové prostory a věříme, že vše dobře dopadne."
580645844749312000,0,0,"@Virus_3000 @katareena Zdravíme, zveřejnili jsme program dne:  Připravujeme také newsletter se souhrnem informací."
580645596949803008,6,7,"Program Plzeňského Barcampu je venku!  Podívejte se, jak bude ceý den probíhat. #barcampcz #užjen4dny"
580370388821123072,3,0,Afterparty proběhne v baru Krize (Jungmannova 5)! Startujeme v 19:45! Navíc máme odvoz autobusem v 19:30 přímo z barcampu! #barcampcz
580129778755346433,0,0,"@eshopkonzultant @PavelUngr @Jan_Kvasnicka Taky bychom si přáli aby to bylo rychlejší a snazší :( Jsme rádi, že se to nakonec povedlo ;)"
580120264450699267,1,0,"@BoBMarvan Ahoj, máme skvělé zprávy! Afterparty se koná v Krize baru (Jungmannova 5) v centru města. :) Těšíme se!"
580119915224498176,0,0,"@PavelUngr @eshopkonzultant @Jan_Kvasnicka Ahoj Pavle, Honzo a Honzo :) Máme skvělé zprávy! Afterparty se koná v Krize baru (Jungmannova 5)"
579658883779678208,1,0,"@BoBMarvan Ahoj, bohužel se objevily nějaké komplikace ve vyjednávání, proto zatím nemůže 100% určit místo. Vše se snažíme asap dořešit."
579658510717345792,0,0,"@crawlerdev Radku, pokračování bude v hospodě ;) Jakmile dostanu bližší info, pošlu ;) Zatím tě nechám tedy odhlásit ;)"
579630778839072768,0,0,Zveme vás na warm-up session pro @PlzenskyBarcamp! Registrace:  #barcampcz #warmup Více info:
579568740985102336,8,3,Program Plzeňského Barcampu již brzy zveřejníme. Celkem se probojovalo 20 přednášek. Těšíte se? #užjen6dní #barcampcz #budetojízda
579329165800939521,0,0,Děkujeme Sedmero paprsků za finanční podporu! Sedmero paprsků nabízí vynikající čokoládu z Kolumbie!  #barcampcz
578900627608231936,1,0,@PavelUngr @eshopkonzultant @Jan_Kvasnicka Pokusíme se dát vědět do konce víkendu. Omlouváme se za komplikace.
578900550231724032,0,0,"@PavelUngr @eshopkonzultant @Jan_Kvasnicka Pavle, Honzo, pozor, afterparty není potvrzená. Bohužel jsou nějaké komplikace ve vyjednávání."
578613053547245569,0,7,"Hledáme ochotné dobrovolníky, kteří by nám mohli zapůjčit kameru se směrovým mikrofonem. Najde se někdo? :) #barcampcz #musimesipomahat"
578553478831820800,0,3,"RT @lifehackerscz: @PlzenskyBarcamp koncem brezna je tak super,ze uz je plno.#lifehackers ale nesmi chybet.Pojdte si s nami pro vstup http:…"
577162237351206912,0,0,Děkujeme @ShoperoCZ za finanční podporu! Můžete se těšit na super doplňkový program (více prozradíme brzy) #barcampcz
577151806192685056,1,0,"@orangesunny_cz Jasné, pokusíme se vše zařídit a dáme co nejdříve vědět, jak to dopadlo ;)"
575935773129719808,0,0,"@orangesunny_cz Oběd si budete moc Vašku koupit, ale myslím, že bude jen vegetariánská verze, ověřím u organizátorky."
575742996177625088,0,4,RT @endis_ka: Workshopy na @PlzenskyBarcamp jsou značně zajímavé! Chceš i Ty worshopovat? Neváhej a napiš mi =)
575742940439515136,1,0,"@orangesunny_cz Ahoj Vašku, ano, připravíme i menší množství baget pro vyznavače vegan stravy ;)"
575742642962702337,0,2,RT @hardwariumcz: 28. března 2015 proběhne Arduino Day v rámci nějž můžete navštívit několik workshopu na @plzenskybarcamp. …
575569790191976450,7,0,Děkujeme @keriotech. Díky finanční podpoře zajistíme občerstvení po celý den. Kdo se těší na bagety? :) #barcampcz
575189403477409792,0,4,"RT @Pavlina_speaks: Chtel bych zit zivot, co vedu na socialnich sitich, je univerzalni povzdech kazdeho social media guru, ktereho jsem v p…"
575029232256053249,1,0,"@posvick Kamile, to je dobrý nápad! Probereme uvnitř týmu a zjistíme, jaké jsou možnosti ;) Dáme brzy vědět ;)"
575028642671161344,3,3,Jak vypadal @PlzenskyBarcamp 2014? Jak by měl podle vás vypadat letos? Sdílejte svá přání a tipy! #barcampcz
574522994380443649,2,1,"Díky finanční podpoře @SocialbakersCZ se těšte na skvělou afterparty, na kterou vás odvezeme přímo z Vědeckotechnického parku! #barcampcz"
574520433011220480,2,6,"Hlasujte, zbývá jen 6 dní! @JakubBoucek zobrazil průběžné výsledky hlasování pro přednášky přímo na webu. #barcampcz"
573221867504476161,0,0,"@honza_svec Ahoj Honzo, hlasování běží do 13.března ;)"
573173983216070657,5,10,"Spustili jsme hlasování pro přednášky! Hlasujte a pečlivě vybírejte, program je ve vašich rukou!  #barcampcz"
573173335359664131,0,0,"@mrtnzlml Ahoj Martine, hlasování jsme spustili dnes. Končí 13. března."
572328816372277248,0,0,@VojtaRocek @skopmichal @fremycz ....Tedy speakeři vznikají z návštěvníků a ne jinak. Nejprve je tedy nutné se přihlásit.
572328675770814464,1,1,"@VojtaRocek @skopmichal @fremycz Ahoj Vojto, naše teorie Barcampu je, že každý účastník může mluvit. To je smyslem Barcampu..."
572104533574344704,1,7,Druhá vlna registrace na @PlzenskyBarcamp je tady! Máme 150 míst!  #barcampcz #registrace #kdodrivprijdejdenabarcamp
572101842085257216,0,0,"@FukToMas Dali jsme si trochu na čas, chtěli jsme vás napínat :)"
572101732551012354,0,0,"@skopmichal Michale, můžeš na věc ;) Registrace je spuštěna ;)"
571332669235200000,0,1,"RT @ShoperoCZ: Podporujeme @PlzenskyBarcamp! Vyrážíte letos poslouchat, nebo přednášet? -&gt;"
571277680278179840,1,1,Máme skvělé partnery. @SportCentralCZ se zapojí do Plzeňského Barcampu a poskytne pomocníky. #děkujeme #barcampcz
571054971111776257,0,0,"@fremycz @zlesam Dopravu bychom, v případě afterpárty zde, rádi vyřešili nabídkou autobusu. Zatím neni nic jisté, sleduj nás ;)"
571054646090964992,0,0,"@fremycz @zlesam Kubo, zatím jsme opravdu ve fázi vyjednávání všeho. Podnik nám připadá stylový, je nově zrekonstruovaný, ve stylu 50. let."
571053045678792704,1,0,"@zlesam @vildafranek Jedná se o Crazy bar :) Usilujeme o něj a vyjednáváme. Chtěli jsme vědět, jestli by se líbil :)"
571052777742467072,0,0,"@fremycz Jedná se o Crazy bar :) Usilujeme o něj a vyjednáváme podmínky, chtěli jsme vědět, jestli by se líbil :)"
571045970923917312,0,0,"@fremycz Opraveno, díky za upozornění :) ;)"
571042855512354817,2,0,Co byste řekli na pořádně stylové místo na after párty Plzeňského Barcampu? #barcampcz #afterparty #budetojízda
570986235856068608,5,0,I letos se můžete těšit na pekelně dobré čaje z Čajovny u Pekla! Při pěkném počasí i na vodní dýmku! #díky #barcampcz
570898585996402688,2,1,Druhé kolo registrace klepe na dveře! Buďte připraveni v neděli v podvečer! Hlasování pro přednášky spustíme 2. března. #barcampcz
570859625563725824,0,0,Regionální Hospodářská komora Plzeňského kraje poskytne prostory a zázemí na workshopy. Velké #díky!  #barcampcz
570697580843307008,0,3,"O praktické workshopy je zájem! Zajímají i vás? Napište tip, jaký druh workshopu by vás bavil na @PlzenskyBarcamp ! #barcampcz #workshop"
570681382751633408,0,0,@tzima_ @Balooing Však jsme to také ve zlém nevzali ;) Jen jsme chtěli našeho šikovného parťáka pochválit :) Potkáme se na @PlzenskyBarcamp?
570325561727438848,0,0,"@PetrDuchek Petře, obáváme se, že bude poslední... Poté snad už jen VIP link ""za zásluhy""..."
570313643159621634,0,2,Plzeňský Barcamp se rýsuje! Chcete být u toho? Druhá vlna registrace se blíží! Sledujte nás v neděli v podvečer! #barcampcz #registrace
570310445799759873,0,0,@HonzaID Bezva! Těšíme se!
570310181738950657,1,0,"@tzima_ :)) Tomáši, sami jsme byli občas překvapení. Slovníček ale vznikl po pečlivé přípravě a perfektním zpracování od @Balooing"
570309673234112512,0,0,"@PavelUngr Pavle, držíme pěsti. Hlasování pro přednášky spustíme 2. března ;)"
570309020973727744,0,0,"@okenagod @hloza Martine, druhá vlna registrace se blíží! Doporučujeme sledovat nás v neděli. Ale pozor na omezenou kapacitu :) Těšíme se!"
570307296871485441,1,0,"@slecnaJohana Johanko, druhá vlna registrace proběhne v neděli. Sleduj nás ;)"
570307044118536192,0,0,"@slecnaJohana Ahoj Johanko, ano, jedná se o VIP místa, která je možné získat jedině za zásluhy ;)"
570304734856388609,0,0,"@jansmitka Honzo, souhlasíme, vyčerpání 250 míst trvalo zhruba 5,5 hodiny. :) Jsme zvědaví na druhou vlnu :)"
570303960411742208,0,0,"@HonzaID Honzo, můžeme prozradit, že druhá vlna registrací se blíží! Doporučujeme sledovat nás během neděle ;)"
570303466398199808,1,0,"@skopmichal @jantvrdon @Matesmac @registrace Zdravíme, druhá vlna registrace není daleko. Můžeme prozradit, že proběhne tuto neděli. ;)"
568672670109315073,0,0,"@HonzaID @bechyne Honzo, proběhne ještě jedna vlna registrací. Sleduj nás ;)"
568671919853182976,0,0,"@jansmitka Honzo, souhlasíme. Loni to bylo plus mínus 24 hodin, letos jsme na zhruba na 5 hodinách :)"
568671580492042240,1,0,"@skopmichal @jantvrdon @Matesmac @registrace Není čeho se obávat, toto byla první vlna registrace, proběhne další ;) Sleduj nás na sítích ;)"
568505705273163776,0,0,"@eshopkonzultant @bechyne Honzo, jedná se o první vlnu registrace ;) Ale 500 jich nebude :)"
568474792023740416,0,0,"@bechyne @eshopkonzultant Uvidíme, vše pečlivě sledujeme. Většina z nás tipovala zítřek. Museli jsme změnit názor :)"
568453479729106944,0,0,"@KarelUhlik Registrace otevřena, držíme pěsti ;)"
568452761123209216,2,3,Registrace na @PlzenskyBarcamp je otevřena! Máme 250 míst. Bude jedno vaše?  #barcampcz #registrace #kdozavaha...
568436342973202432,0,1,"RT @eshopkonzultant: tak je to tady!  &gt; kdo se neregistruje a nestihne to, je prdlavka! @PlzenskyBarcamp #barcampcz …"
568436323142516736,0,1,RT @hloza: Že by @PlzenskyBarcamp právě pustil registraci?
568330644666912768,1,3,"Podělte se o váš názor! Vyplňte, prosím, krátký dotazník a pomozte nám udělat Plzeňský Barcamp lepším!  #barcampcz"
567272229315297281,0,0,"@KarelUhlik určitě se ozveme, směřujeme na druhou polovinu týdne ;)"
566593320970104832,0,2,RT @PavelLasak: Začnete podnikat s tim co umite nejlépe #barcampcz souhlasím
566558459995627520,0,0,@davidlorincz očekáváme Tě při reparátu na Plzeňském barcampu :))))
566529170264838145,4,3,"Registrace na @PlzenskyBarcamp proběhne brzy. Sledujte nás na sítích. Zatím prozradíme, že to bude v průběhu příštího týdne! #barcampcz"
566528007935123456,0,0,"@PavelUngr Pavle, registrace je za rohem ;) Sleduj nás, bude brzy ;)"
566527394811760640,11,11,Druhý ročník Plzeňského Barcampu je tady! Zapište si do diářů termín - sobota 28. března 2015! #barcampcz
536104094289899520,1,0,"@PavelUngr @JiriKolda @PavelLasak Omlouváme se, ale v tuto chvíli nedokážeme potvrdit určitý termín. Ještě vydržte, prosím."
536102651709358080,1,0,@PavelUngr @JiriKolda Plzeňský Barcamp plánujeme na duben 2015 :)
504232581144268800,0,15,"RT @shopcampcz: Právě jsme otevřeli registraci pro prvních 200 lidí! Tak neváhejte a zapište se, ať Vám zbyde místo! :) …"
477733734398324736,0,2,"RT @fremycz: Plzeňský Barcamp od kluka v zeleném, co snědl všechny bagety  Pamatuji si ještě @PlzenskyBarcamp #barcam…"
471937310314217472,1,1,@JiriKolda v rozhovoru na @mladypodnikatel Nahlédněte do zákulisí! --&gt;  #barcampcz
471599559614148608,0,1,RT @VaclavTuma: #BarcampCZ
469743012336377856,1,1,"@bcbrno se blíží! S kým se potkáme? Pojďme si zavzpomínat, jak se vám líbil ten náš a co byste vylepšili? #barcampcz"
466257281496412161,0,1,RT @JakubBoucek: Za někoik sekund nastane takové malé ajťácké milenium.
463552300062371840,1,3,Jak neuspět se svým webem? Přednáška od @bechyne online!  Petra potkáte i na @bcbrno! S kým se uvidíme? #barcampcz
461592777974104064,2,0,"Přednáška od @vicherek je online! Každý, kdo chce znát a být znám správnými lidmi, by ji neměl minout.  #barcampcz"
461083983582097408,0,4,"RT @chovatel: Já mám koně,vraný koně jsou to koně μ,ν, a ξ. Vypočítejte vzájemnou polohu koní v čase τ. Koně považujte za sféricky symetric…"
460888196268580865,0,0,Chcete tričko Plzeňského Barcampu? Jedinečná příležitost je tady! Objednávejte na:  #barcampcz
460705790723366912,3,3,"Mluvili jste někdy spatra na téma, které předem neznáte? Videa jsou tady!  #barcampcz Děkujeme @adamhruby @endlife_cs"
460541372554952704,0,0,"@posvick Kamile, dobře, že se připomínáš ;) Pošli nám ještě o jakou velikost máš zájem ;) Pozor, trička jsou o něco menší, než jsme čekali."
456844105512157184,4,1,Na #barcampcz nechyběla ani regionální televize a tady je našich pár minut slávy! :) @sibiranka @Balooing
456085611120975872,0,0,@eshopkonzultant @atsor @bcbrno Informace jsou na webu @bcbrno:  Vypadá to na 1. května! ;)
455956911725477888,0,2,RT @sibiranka: #barcampcz Moje původní slajdy jsou teď doplněné o textové bratříčky  a vše je opět na …
455400974715486208,11,0,Děkujeme všem za účast! Vytvořili jste skvělou atmosféru! Těšíme se na opětovné setkání na #bcbrno! #barcampcz
455397825808175104,0,2,RT @vitpetricak: Kratke shrnuti @PlzenskyBarcamp  jeste jednou diky za skvelou akci #barcampcz
455307829763903488,6,0,Momentka z úklidu po @PlzenskyBarcamp.
454963097795854336,0,1,RT @zuzuzka: #barcampcz we have a winner @vaclavtuma &amp; fred
454963076853686272,0,2,RT @MichalBryxi: Komunitní vodnice na #barcampcz v patře na terase. Přidá se někdo?
454963036303138816,0,2,RT @martinhomolka: Nakouknuti do kuchyně Socialbakers #barcampCZ #insidebakers @ Vědecko technický park
454963022029922304,0,5,RT @llostindream: Přednáška od @sibiranka je super. Takhle má vypadat #barcampcz
454939280314732544,0,8,"RT @vitpetricak: Velka pochvala bagetovemu tymu @PlzenskyBarcamp, bagety jsou luxusni :) #barcampcz"
454939255668998144,0,1,RT @fialovakalena: @kavaKofiKofi KofiPlzeň dnes na @PlzenskyBarcamp ! #seeyouthere
454939222219444224,1,0,"@posvick Kamile, dnes ne, ale pokud budete mít zájem, můžeme vám ho objednat a poslat. Cena se pohybuje do 300 Kč s dopravou ;)"
454938838860054528,0,1,"Hledejte kelímky Kofi s citátem o kávě, vyfoťte se, postněte to na FB Kofi Plzeň a přineste kelímek ke stánku. Kafe za kačku! #BarcampCZ"
454910851271884801,2,1,Za pár minut startuje cvičení v místnosti Sokolovna! #BarcampCZ
454896883992125440,1,2,"13:00, ZOO a lukostřelba v podání Freda Williamse. Buďte tam! #barcampcz"
454896666244808704,0,3,"RT @gregusmojmir: #barcampCZ začal energickejšie, než som čakal :)"
454896571516452864,0,2,RT @PetrDousa: Na #barcampcz zatím nejlepší zumba :) (@ Vědecko technický park w/ 50 others)
454886484672540672,1,1,"Omlouváme se, kapacita sítě dokáže pojmout po včerejších večerních komplikacích pouze potřeby přednášejících. Díky za pochopení. #barcampcz"
454885930097451008,0,1,"RT @RDPanek: Parkujte kdekoli najdete flek, znacky v ramci #barcampcz neplati @PlzenskyBarcamp"
454846844687097856,0,0,"@katareena Je to velká škoda, ale zdraví je přednější. Brzy se uzdrav! ;)"
454725469217521665,0,0,"@zneuzity Bezva, děkujeme a těšíme se!"
454725314800005121,0,0,@tvenerova Držíme pěsti! Rádi tě tu uvidíme! ;)
454642373247901696,0,1,RT @mergado_cz: Pomáhám Michalovi s prezentací na @PlzenskyBarcamp Na starost jsem si vzal kreslení. Že mi to jde :)
454615694353891328,0,0,@zneuzity Super! Děkujeme za iniciativu. Provedli jsme poslední drobnou úpravu programu.
454615037165207552,3,4,Zítra se vám bude hodit čtečka QR kódů do mobilu. @LangevoCZ si pro vás chystá překvapení. #barcampcz
454565846191706113,0,0,"@stefankuska Štefane, dá se odhlásit jen přes Twitter, což se ti povedlo. Jsi odhlášen, díky za info :)"
454372511485288449,1,0,"@orangesunny_cz Vida, do Brna se chystáme, ozveme se ;) Přejeme brzké uzdravení a krásný zbytek večera ;)"
454367373072814081,0,0,@mergado_cz Děkujeme za podporu! V sobotu na viděnou ;)
454367298888146944,0,1,RT @mergado_cz: . @PlzenskyBarcamp vypadá super - moc se těším!
454352551711100928,0,4,"RT @AurielleCz: Zapište si do kalendářů datum 31. května 2014, to totiž proběhne další brněnský Barcamp. #barcampcz #bcbrno"
454352411617148928,4,0,Parkování je zdarma přímo před Vědeckotechnickým parkem a kolem něj. Míst bude dostatek ;) Už se to blíží! #barcampcz
454352184239738880,0,0,"@vpechoucek Vlasto, pošli nám email na veronika.grekova@gmail.com ;) Určitě najdeme řešení ;)"
454351909630246912,0,0,@crawlerdev Parkování je zdarma přímo před Vědeckotechnickým parkem. Místa bude dost ;) Těšíme se!
454351717837320193,0,0,"@orangesunny_cz Vašku, to nás mrzí. Ať je brzy lépe! ;) A třeba na příštím ročníku na viděnou ;)"
454278877423345665,0,1,"Máme pro vás odpovědi na otázky, které se nejčastěji objevují. Máte další dotazy? Napište nám!  #barcampcz"
454277281267974144,3,0,Co říkáte na barcampové vychytávky? Mili jich připravuje pěknou zásobu! Těšte se! #barcampcz
454275750716534785,0,3,RT @eshopkonzultant: ZMĚNA: Zájemců o #warmup party @PlzenskyBarcamp je více než míst &gt; nově tedy přesun zde:  @necod…
454275681665687552,0,0,"@eshopkonzultant Honzo, máme to v plánu. Pokud nám ho nic nenaruší, chtěli bychom určitě záznamy dodat nejdéle do měsíce po skončení akce."
454275283827560449,0,0,"@filipgoc Děkujeme Filipe, vážíme si podpory! Stream se nám snad povede příště. A ještě lépe se třeba naskytne příležitost potkat se osobně."
454203464395276288,0,1,RT @LangevoCZ: Chystáme na #barcampcz #plzenskybarcamp OFFLINE VERZI #LangevoCZ a nemůžeme se dočkat :-)
454203364960899072,0,0,"@filipgoc Ahoj Filipe, stream nebude, ale přednášky budou nahrávány ;) Nejdéle do měsíce bychom je chtěli zveřejnit ;)"
454166898947551232,4,2,"Těšíte se na saláty, slané a sladké koláče od Bistro Kantýna? My ano! #barcampcz #zarohem"
454163589864357888,0,2,RT @RenataKukli: Kdo z Ostravy se o víkendu chystá na Barcamp do Plzně? #barcampcz
454163546700804096,0,1,RT @lumirbalhar: Chystá se někdo autem z Ostravy do Plzně na #barcampcz? #ostrava #plzen #spolujizda #jizdomat
453990856622878720,0,0,"@crawlerdev Radku, nahlášení se @eshopkonzultant bude fajn, abychom mohli dobře odhadnout počet míst ;) Těšíme se!"
453986625383854081,1,2,Warm-up party v pátek ve 20:00 v restauraci Švejk v Plzni na Borech:  Tímto děkujeme @eshopkonzultant za organizaci!
453986191357263872,1,0,"@chillipes 20:00, restaurace Švejk na Borech -"
453972724265000960,0,1,RT @EduardStula: Dalším bodem v diáři pro dnešní večer je vybrání přednášek na @PlzenskyBarcamp :)
453953410291990528,0,4,RT @JiriKolda: 1 Plzeň; 300 lidí; 24 přednášek; 500 baget; 300 teplých jídel; 14 kg salátů; 96 koláčků; Teslova 3 =&gt; to je @PlzenskyBarcamp…
453888702465736704,0,0,Souhrn toho nejdůležitějšího:  Brzy k vám dorazí také newsletter s informacemi. #barcampcz
453827931320885248,1,5,Už jste četli dnešní Plzeňský deník? Slovník Plzenštiny od Baloo je na titulce :) #BarcampCZ
453825561295851520,0,0,@eshopkonzultant @atsor @necodymiconer co Třebas u Salzamannů nebo Na Spilce?
453821050636496896,1,0,"Chcete warm-up párty? Ozvěte se, ať víme, kolik vás je! #barcampcz"
453561219556057088,2,2,Kudy kam na Plzeňský Barcamp? Mrkněte na ! Sledujte #barcampcz a nic vám neunikne ;)
453523790275031040,3,0,"Kvalitní káva a čaj jsou základ, proto jsme vše svěřili do rukou odborníků -  a  #barcampcz"
453520412325195776,0,1,RT @atsor: @PlzenskyBarcamp díky za skvělou nabídku! Už jsem ji využil :-)
453501597348560896,2,1,"Hledáte ubytování na #barcampcz? Nabídka Ibis 1 lůž. 800,-, 2 lůž. 1000,-, snídaně... Pište na H6734@accor.com, s heslem ""Plzeňský Barcamp"
453431662962290688,0,1,"RT @Billoslav: Jak to vidím já, tak v sobotu to bude boj. Jak můj vnitřní, tak s ostatními (aspoň dle hlasování) @PlzenskyBarcamp #AzMocDob…"
453297885460045824,0,1,"RT @PavelAbbePajkrt: Byla to fuška, ale přednášky na @PlzenskyBarcamp vybrány. Škoda, že nestihnu všechny."
453238579381415936,0,0,"@janpoboril Honzo, nám se program zobrazuje dobře. Pomohl bys nám a poslal nám bližší popis třeba na email veronika.grekova@gmail.com? Díky"
453154369043963904,0,1,"RT @necodymiconer: Jsem rád, že @PlzenskyBarcamp proti mé přednášce nepostavili nějaké téma, na které bych chtěl jít.-) …"
453140663237107712,0,1,RT @mrtnzlml: Program už je veřejný:  #barcampcz
453140636586504192,0,1,"RT @fremycz: Je to jasný, v 8:30 na registraci #barcampcz a pak v sedm se sejdeme na afterparty. Širší program  Bude …"
453140475193860097,0,2,RT @mladypodnikatel: Plzeňský Barcamp (@PlzenskyBarcamp) konečně zveřejnil celý program!
453140434874015744,0,0,"@posvick Kamile, vypadá to dobře. Vypadá to na místnost navíc a šance na realizaci je veliká. Bude stačit, když se vám ozveme dnes večer?"
453137948859703296,1,0,"@Jan_Kvasnicka Zdravíme Honzo, registrace se otvírají v 8:30. Kompletní program najdete na našem webu:  #barcampcz"
453137561192763393,3,1,Program Plzeňského Barcampu je oficiálně zveřejněn!  Těšíme se už v sobotu! Aktuální novinky pod hashtagem #barcampcz
452780213316091904,0,0,"@EDDYcek Zdravíme Vašku, pracujeme na detailech programu, během dnešního večera bude zveřejněn. Budeme vás informovat na sítích."
452779971799711744,1,0,"@posvick Zdravíme, v pondělí budeme mít potvrzeno, zda bude ještě jedna místnost. Rádi bychom dali možnost realizace i prvním pod čarou."
452779604487720960,1,0,"@filippodstavec @fremycz @sibiranka Zdravíme, ladíme ještě poslední detaily programu. Během dnešního večera bude oficiálně zveřejněn."
452779240640245760,1,0,"Hlasování pro přednášky Plzeňského Barcampu skončilo. Ladíme ještě poslední detaily programu, který bude brzy zveřejněn. #barcampcz"
452691474074050560,0,0,"@kom1n Ahoj, připravujeme Google kalendář, který funguje velmi hezky. Speciální možnost sestavení rozvrhu není v našich silách. Těšíme se!"
452542635459489792,0,1,RT @eshopkonzultant: Díky všem za hlasy  - uvidíme se v sobotu v Plzni @PlzenskyBarcamp .Těším se!
452103786912546817,0,1,RT @eshopkonzultant: Poslední možnost dát hlas přednáškám na @PlzenskyBarcamp - hlasování končí dnes...  &gt; hlasuj! :-)
452103761507680256,0,1,RT @janpoboril: Díky za hlasy na @PlzenskyBarcamp. Není tam tvůj hlas? Tak hlasuj:
451820857774837761,0,2,RT @MarketingSobe: Chcete @necodymiconer a @filippodstavec slyšet naživo? Hlasujte pro jejich přednášky na  @Plzensky…
451813621824507904,0,2,RT @fremycz: Ještě do zítra hlasujeme pro přednášky @PlzenskyBarcamp  a příští sobotu se uvidíme v Plzni! #barcampcz
451805007047049216,0,1,RT @hukkv: přednáška JAK SABOTOVAT PROJEKT má jenom 4 hlasy? #stydtese  neříkejte že ste to nikdy nezkusili? @Plzens…
451478393000058880,0,0,"@Virus_3000 Ahoj, napiš na email některého z organizátorů a uvidíme, co s tím půjde udělat ;)"
451265107637837824,1,0,"@PlzenskyBarcamp se blíží! Objevují se stále nové přednášky a vy až do pátku můžete rozhodovat, které se uskuteční!"
450708137763680256,0,0,"@RichardKapicka Richarde, odebrali jsme vás z účastníků. Snad se potkáme na dalším ročníku ;) Přejeme fajn večer."
450588704902750208,0,0,"@RichardKapicka Na vývoj webu máme omezené kapacity a nelze zajistit kompletní funkčnost. Chcete-li zrušit účast, můžeme to zajistit."
450587671979884544,0,1,RT @RadekHulan: 12. dubna se uvidíme na @PlzenskyBarcamp :-)
450557555488862208,0,1,RT @mladypodnikatel: Už v pátek končí hlasování pro výběr přednášek na @PlzenskyBarcamp! Už jste hlasovali?
449651063231373314,1,0,"Programování, kvalitní web, SEO, GTD nebo vůle? Vyberte si své přednášky a dejte jim hlas! Program je váš! #barcampcz"
449276160904802304,0,2,RT @crawlerdev: Na @PlzenskyBarcamp chtěj asi všichni softskills přednášky.Ale programování pro pořádný chlapi a holky je az dole ;) http:/…
449176893544472576,0,2,RT @Billoslav: Ja uz hlasoval. Co ty? @PlzenskyBarcamp
448949473012891648,1,0,"@janpoboril Zdravíme Honzo, máte možnost dostat se na detail klikem na foto. Na zobrazení popisu přednášky se pokusíme ještě zapracovat ;)"
448948748429717504,0,1,RT @mmencl: Jedete na @PlzenskyBarcamp? Tak NEHLASUJTE pro moji přednášku. Ale kdybyste fakt chtěli slyšet jak dělat věrnostní programy bud…
448948301233397760,0,2,RT @eshopkonzultant: @PlzenskyBarcamp už spustil hlasování k přednáškám -  - je jich docela dost.. Přijdete na moji? …
448948264835244033,0,1,RT @chillipes: @PlzenskyBarcamp Nejnovější přednášky jsou hodně cool!  nejvíc ta emoční inteligence :) …
448856011047436288,0,1,"RT @posvick: Jdete na @PlzenskyBarcamp ? Zajímá vás, jak umí bankovní aplikace scanovat složenky či pracovat s QR kódy? Hlasujte http://t.c…"
448847195480272897,0,2,RT @jirikrejcik: Budete na @PlzenskyBarcamp a chcete se dozvědět něco o @CoworkingKolin ? Tak hlasujte pro mojí přednášku …
448847169429454848,0,2,RT @janpoboril: Jedete na @PlzenskyBarcamp? Chcete si společně zanadávat na #Drupal? Hlasujte a přijďte:
448600717478334464,0,1,RT @fremycz: Těším se. RT @Unreed: Tak jsem se rozhoupal a přednáška na #barcampcz v Plzni oznámena. #ufff #seeya
448600661194977282,0,2,RT @necodymiconer: Já hlasoval pro! RT @filippodstavec: Jdete na Plzeňský #barcampcz ?Zajímá vás linkbuilding? Budu rád za hlas pro http:/…
448600621844033536,0,2,RT @mrtnzlml: Ještě to nevzdávám! :-) #barcampcz Každý hlas se hodí...  Schrödingerova kočka ve kvantových teoriích..…
448600410077814784,0,1,RT @ZbynekFridrich: Pokud mě chcete slyšet kvákat o tom co jsem se naučil a budete na @PlzenskyBarcamp. Můžete hlasovat …
448545112046698496,0,2,RT @filippodstavec: Jdete na Plzeňský #barcampcz ?Zajímá vás linkbuilding?Budu rád za každý hlas pro mou přednášku:  …
448544767073603584,0,1,RT @necodymiconer: Jdete-li na @PlzenskyBarcamp #barcampcz určitě nevynechte barcampovou přednášku o budoucnosti SEO …
448519802152562690,0,1,RT @mladypodnikatel: Právě @PlzenskyBarcamp odstartoval hlasování pro vypsané přednášky! Koho účastníci uvidí na pódiu? …
448519357237559298,1,5,"Hlasování pro přednášky je spuštěno! Program je ve vašich rukou!  #barcampcz Pozor, hlasovat mohou jen registrovaní."
448377114908430336,0,1,RT @Unreed: Tak jsem se rozhoupal a přednáška na #barcampCZ v Plzni oznámena. #ufff #seeya
446924621989040128,0,1,RT @bechyne: Moje přednáška na @PlzenskyBarcamp je on-line
446924379092688896,0,6,Máš co říct na Plzeňském Barcampu a nezbylo místo? #RegistraceZaPrednasku Pošli nám mail:  #barcampcz #plnimevaseprani
446264952656252929,0,0,"@mmencl Marku, děkujeme za upozornění, šotek nalezen a odstraněn. Těšíme se!"
446264745394700289,1,0,"@janpoboril Honzo, jde o záměr. Chceme dát prostor co nejvíce lidem, proto pouze jedna přednáška na osobu."
446264341210603520,0,0,"@vpechoucek To nás mrzí :( Můžeme vám prozradit, že se snažíme vyjednat místnosti navíc, ale zatím nevíme, jak to dopadne. Sledujte nás."
446223168228052992,1,0,@batko Určitě. Rádi bychom realizovali warm-up party i afterparty ;) Program budeme postupně upřesňovat ;)
446190421916807168,0,0,@batko @lumirbalhar rozhodnou registrovaní účastníci ;) Hlasování spustíme již brzy.
446189847817228288,0,1,"RT @bechyne: @eshopkonzultant @PlzenskyBarcamp svou přednášku už mám skoro sepsanou. Vím o pár lidech, co také něco připravují. Bude to su…"
446030929849753600,3,10,"Wow, 250 účastníků se zapsalo na @PlzenskyBarcamp během jediného dne, kapacita je vyčerpána! Bude to:  #barcampcz"
445966709812625408,0,1,RT @mladypodnikatel: Posledních pár míst na @PlzenskyBarcamp!
445908991760416768,0,5,RT @JiriKolda: V Plzni se nás za měsíc sejde na #BarcampCZ už skoro 200 :) To je super! Ještě někdo neví o otevřené registraci? http://t.co…
445870411088416769,0,0,@atsor Kapacita je 250 míst. Start zhruba kolem 8:00 a konec cca 18:00. Pak samozřejmě afterparty (zhruba od 20:00) ;) Vše bude upřesněno.
445864945117589504,0,0,@kir_k Můžeme jenom doporučit! Tahle přednáška se vám bude líbit ;)
445862127320846337,1,2,Je vás již více než 200! Děkujeme a těšíme se! #barcampcz
445858820490035200,0,3,RT @katareena: Kdo nejde na @PlzenskyBarcamp je vošouch a dostane pěknej céres!
445858694975483904,0,3,"RT @lumirbalhar: Přemýšlím, že bych si na @PlzenskyBarcamp připravil přednášku o používání ToDo listů a ohýbání GTD dle potřeb. Máte zájem?…"
445856021333155840,0,1,RT @radekvechet: Tak kdo jste se ještě nezaregistrovali na @PlzenskyBarcamp máte zřejmě dnes poslední možnost. Uvidíme jestli budou místa p…
445854641067413504,0,2,"Registrace se plní a kdo zaváhá, nepřijede! Tak šup šup na ! Západ je připraven na čerstvý proud vědomostí! #barcampcz"
445816863986298880,0,2,RT @kom1n: Vy ještě nejste registrovaní na @PlzenskyBarcamp? Tak to byste to měli napravit.. První barcamp v našem krásném městě! Přijeďte!
445651950294802434,0,4,"RT @crawlerdev: Wow, @PlzenskyBarcamp  se snad ""vyproda"" rychlejs nez @BldWin. Co minuta to registrace"
445648613323333633,0,0,"@mmencl Zdravíme Marku, nejprve je nutné se registrovat, poté je možné si zapsat přednášku na homepage, klikem na button: ""chci přednášet!"
445648437401628673,0,0,@mmencl Na našich webovkách se přihlaš jako učastník a následně si vypiš přednášku: budeme se těšit :)
445642157022777344,0,3,"RT @fremycz: Už ví @DavidGrudl, že by se měl zaregistrovat na @PlzenskyBarcamp, aby mohl projít všechny místní bary?"
445632386609741824,0,1,"RT @orangesunny_cz: Kdo by ještě něvěděl, tak @PlzenskyBarcamp spustil registraci. Klucí, holky rychle se hlaste, jináč se nemusíte vejít. …"
445622942735810562,3,19,"Registrace na @PlzenskyBarcamp jsou spuštěny! Neváhejte a zapisujte se, ať máte svoje místo jisté! #barcampcz"
445622183910723584,0,7,"RT @fremycz: Pro všechny odvážlivce. @PlzenskyBarcamp spouští registrace, buďte u toho!"
445292998990254081,1,2,"#registrace přednášek na #barcampcz je za rohem! Máte už připravené vlastní téma? Nebo je snad nějaké téma, které byste si rádi poslechli?"
444897897843159040,2,10,"Něco nám říká, že registrace na #barcampcz se blíží! Náš špeh zaznamenal pracovní sobotu. V pondělí to vypukne!"
441488730420174848,2,0,Barcamp není jenom o IT! Trocha inspirace z Brna:  #barcampcz
439677698181726208,0,0,"@PetrHodac Díky @active24cz, občerstvení je moc důležité pro příjemný průběh."
438635801170411520,1,1,Ptáte se na datum registrace na Plzeňský #BarcampCZ? Prosíme o trpělivost. V první polovině března to vypukne. Chceme to mít #bezchyby :)
438010356653240321,1,2,"Na Barcampu budete nováček a nevíte, co očekávat? Přečtěte si feedback od @DavidKlouda ze zlínského Barcampu!"
437146684226023424,0,3,"RT @fremycz: Tým @PlzenskyBarcamp dobře zvolil prezentaci skrze místní nářečí. Ať už budí negativní nebo pozitivní reakce, mluví se o tom. …"
436541887521230848,4,3,Plzeňský Barcamp? Copa to je? Kdypa to bude? Připravte se na sobotu 12.dubna...třeba tréninkem plzeňštiny!  #barcampcz
435164827359916033,0,1,RT @DavidGrudl: @vicherek @adamhruby @PetrLudwig @VojtaRocek jen párkrát se vyspíme a budeme campovat v plzeňských barech! …
435016350625726464,0,2,"RT @srazplzen: Plzeň přepadla zpráva o prvním @PlzenskyBarcamp Ve Vědeckotechnickém parku se uskuteční v dubnu, konkrétně 12. Sleduj http:/…"
434678119346479104,0,4,RT @JiriKolda: @socialbakers team na #BarcampCZ
434629928190234624,0,6,RT @fremycz: Kdepa žádná mýlka. První @PlzenskyBarcamp bude 12. dubna ve Vědeckotechnickém parku Plzeň.  Sleduj sítě!…
434623932466212864,11,26,První Plzeňský Barcamp bude v sobotu 12. dubna 2014 ve Vědeckotechnickém parku Plzeň!  #barcampcz
434396473355415554,3,1,Jednání s @pbrada ze ŽCU dopadlo skvěle :)
434233281887084544,1,2,Zítra oznámíme místo a čas historicky prvního Plzeňského Barcampu. Už teď se nemůžeme dočkat...
434044346388992000,2,0,"Naš web dostal finální textaci. Fajn, že umíme plzeňsky :)"
433611649204101121,0,0,Parádní místo konání pro 1. Plzeňský Barcamp nabízí Vědeckotechnický park Plzeň
433364026262028288,0,0,Noční šichta...
431180244373221376,0,0,Dneska jsme si na malovali práci na příštích několik týdnů :) Ale web bude super!
429344465606557696,0,0,S pizzou je plánování Barcampu rozhodně příjemnější :)
428512707973640192,3,1,S holkama jsme navštívili Plzeň 2015 a rozjednali slibnou spolupráci...
428266099667652608,0,0,První oficiální setkání organizátorů ...
427872270120271872,0,1,Něco se chystá. Sledujte
